{
    "6930655710": {
        "level": "A1",
        "day": 7,
        "last_lesson_date": "2025-03-16T01:25:33.279523",
        "time_of_day": "morning",
        "current_day": 7,
        "max_day": 7
    },
    "7783551682": {
        "level": "A1",
        "day": 1,
        "last_lesson_date": "2025-03-15T04:30:45.263679",
        "payment_status": "paid",
        "payment_date": "2025-03-15T04:30:45.263679",
        "payment_id": "eng_course_A1_7783551682_1742002119"
    },
    "7762388025": {
        "level": "A1",
        "day": 7,
        "last_lesson_date": "2025-03-16T01:51:50.241291",
        "time_of_day": "afternoon",
        "current_day": 7,
        "max_day": 7
    },
    "7879029376": {
        "level": "A1",
        "day": 2,
        "last_lesson_date": "2025-03-15T05:54:39.826371",
        "time_of_day": "evening",
        "homework_info": {
            "level": "A1",
            "day": 1,
            "time_of_day": "morning"
        }
    },
    "7772571024": {
        "level": "A1",
        "current_day": 2,
        "day": 2,
        "max_day": 2,
        "last_lesson_date": "2025-03-16T01:57:22.355704",
        "time_of_day": "afternoon"
    },
    "7877938682": {
        "level": "B2",
        "current_day": 2,
        "day": 2,
        "max_day": 2,
        "last_lesson_date": "2025-03-16T02:25:02.537696",
        "time_of_day": "afternoon"
    }
}